-0.1813706834397777,2.5602312280970922
-6.719461685799547,1.4296328296408514
-3.2136874526493577,4.601534782685856
-4.85203524251599,3.5941105334628425
-5.892464245634742,-0.8116871647819057
-5.9233868648074095,3.143016705864463
-4.808503978122537,1.0455560037486695
-1.3999814812935214,2.9914344569881774
-5.0568030723868,1.3397240727638724
-4.806804536184425,4.136909481517853
-4.700184259386038,3.2395828479582987
-4.171925338730556,4.679208158309541
-0.0509029351078879,2.6832575970053494
-1.6512371872918634,1.3740913856771126
-4.180624573845376,2.5670419664886763
-2.2053541554992746,2.249701069913439
-5.089364753663062,4.778582809847168
-5.7437337268310245,0.373748113613793
-1.86173168775133,0.17377096407470516
-3.7129175590629626,4.714265403965909
-3.713330015050823,0.09362550049809815
-6.590911369590035,0.08379186004461547
0.4692706528044366,3.08550655120652
-6.810849216257871,1.7281098054487265
-5.0866289514726795,2.7539092249995623
-4.989943749918589,3.2364479390506986
-0.9678929359287214,2.945665333099726
-3.238280512332262,-0.16955089071232687
-5.113288069712851,-0.22997293326862156
-2.467527426844464,1.423606961835746
-4.163501784820237,1.6443233629739853
0.24532427436240734,4.063640357550399
-5.090529389087198,0.8061655652690087
-5.199700833781943,2.090303268907418
-0.5549878460885709,4.190705244610747
-3.674347219039788,5.287563294598897
-4.573690919195012,0.6980405820375659
-3.6422521942629866,2.1822822662560837
-2.302594472396821,1.5170006858730645
-1.3021140242210334,2.4858436915246065
-5.020358795981707,1.2566201851009509
-1.0052542207070738,3.264122668710276
-5.689156668240919,3.179702197574592
-3.9155935815416,3.069760079639386
-4.469266988321608,1.3166728027849222
-6.564679657895558,0.712496863137011
-0.3099123594500319,0.4455892501058998
-7.073717256774595,3.1829050633235014
-4.337028051997756,1.6279454639069644
-4.770307387978108,-0.0401521110843468
-4.42099937511648,-0.023807836125994353
-3.6219384949139712,2.0071722869532187
-3.8879280265154614,-0.12668907120661488
-2.470275392908033,1.5162265860194561
-2.034976909447191,1.905781277170258
-6.68488521188025,2.3099114202799162
-2.538906174301956,1.114471338378127
-3.1982493035460156,1.16110746106579
-3.8880321894983885,3.610227526301837
-3.3153802276927498,0.3082273585139307
-5.636481426322637,0.27621051240700345
-4.708828146886598,3.775121598078668
-5.577150434794304,1.5999027572943394
-4.488752946063405,2.8693547375580644
1.0068662259165482,1.4409771363006876
-4.330533966267285,1.8227195427505056
-1.9450104731192008,2.766201313317192
-5.424891355143971,4.2023935573636555
-3.974916243949715,5.263454025145483
-6.322540910856972,0.638929241204351
-4.99187556873628,1.6104206131032952
-5.131472171969216,1.177498383630969
-4.9683848642017505,0.38952496677877824
-5.722198202994925,5.227996768555185
-5.6550768681868675,0.08194904735360387
-5.655348999826023,0.26426742007425763
-3.5377240162601153,1.751701727839664
-6.512490770665712,5.0353770208159245
-0.6674676774779765,-0.1908934280152974
1.410711589246295,2.120603987806607
-4.316893205205146,3.1541342398452734
-3.553355918143872,4.521965704112223
0.8331341613905838,1.344433793424178
-0.7303830092818837,1.9119884715047477
-0.6183417246570904,3.957382961147257
-1.305552497157935,0.06620423641184625
0.4724567245734317,1.8865016198422138
-6.5900433906917275,2.309907876564507
0.014436796177899502,1.8860458030646232
-5.971121134848417,4.652395650798417
-4.927398703097909,0.8758273111599375
-5.8638514303889915,2.8982194769156804
-4.265903357676071,4.47543120968324
-3.3532764431317306,3.9352026622655556
-5.637239800180029,0.5360844082639088
-3.7926624979121053,4.189743728367868
-3.8903686764461884,5.458602593769975
-1.658995296001178,2.5487064182942625
-0.9637191344339374,4.349593253407394
-4.630608454345947,5.192970063175798
-3.3803260770727963,1.3206381400805325
-6.733041573425276,0.8384510590229367
0.19435122380051606,3.5255194617128627
-5.382197534979172,1.2733166865248726
-1.0195695845615371,2.3584515582491585
-2.608510766002396,6.250441026321785
-7.735666636415717,2.3555081889206084
-4.994486478844324,-0.7376024373643841
-0.3576128468793911,1.3207464242617823
-4.887712333995492,-1.0976187031703342
-1.3886306625446367,0.9441693024966817
0.08687887897984559,2.70716550395463
-5.102766593572011,-0.16256708727642755
-6.342185902168113,4.525987746790229
-0.7431846636044104,2.768702681205854
-5.790453598786427,2.749564769143848
-3.872836874997719,3.570873894187688
-5.6781138872405625,3.8906235826996713
-5.3482805953357015,5.224206534552252
-4.393092286119856,4.449536605936502
-5.319556056994897,3.732319038838948
-2.0235884050208486,1.3879252631284285
-4.737856150079292,0.6895274007409861
-3.065338689586777,3.1617206781484617
-6.466394693923522,2.948519208485898
-4.270029650545733,1.5037079358894507
-0.6728027957882423,2.8510958324117928
-5.554423427137721,0.8472277289688088
-1.372534000736875,1.3499760458981174
-2.478142985217663,1.663744536443187
-4.95761041799169,4.919901086662809
-2.3436084732456424,2.9497069460409158
-1.2738466674081312,1.7418192831658525
-4.671550729150789,4.336859634792134
-6.584211403189858,4.14925869551191
-5.715110344026438,0.7307743009813199
-0.7142892949030596,3.6826514068165848
-0.19522362160032292,2.1304299279836894
-5.594296788888604,1.4991103476647794
-4.799299336893049,2.7461469188010024
-3.5586025778655306,1.9422961386563047
-1.2230103965880241,1.5872900885633427
-0.8937680175313736,1.2362802694957238
-3.734257187820014,4.242621662182826
-4.79529983671058,-0.5032234534836646
-1.079186084205463,2.9688174459439827
1.0643012362151119,3.869665534900968
-2.831208266207629,0.33797220704000663
-5.562780027820882,0.12406490081465882
-4.381118938569531,4.187927582173768
-3.604550218677664,0.9628395815290521
-5.690833512084063,3.8398369770369976
-6.986566722385972,2.29829194113092
0.4559901046584385,2.1676075378242348
-2.540688065836721,1.2596963355211015
-3.9879511152226828,2.671898719505661
-2.0717660517173075,2.96854006460288
-1.9311659962542809,2.7238417781423823
0.0756912451446794,3.671322970755909
-4.441831863087265,2.048454381809182
-3.843515177282474,-0.3346032128497698
-2.7103527243908125,1.6449481970017539
-4.87603170604354,4.0014058552653315
1.1003436101610515,2.5731821695953876
-3.851379885586864,3.256975345562317
-5.329614744542943,4.38696460888692
-5.062523219864722,3.6212403243457416
-4.438836579503979,4.424603412004593
-0.9685180553234068,0.8078387123501114
-0.6543347475285901,2.059455631558492
-4.277375116860585,2.2833043962887647
-5.688099524905421,3.1974079631916252
-0.38237520771285827,1.5668880256704
-1.645819768278705,1.8996000125332357
-0.2773009112091651,1.4460511013004704
-4.702137184608736,2.1705881397439013
-4.859329947258096,1.0362082195903828
-2.5970833097429917,2.4253658077114197
-4.337357119628598,3.079356377618935
-5.6412359846552,4.65322398433889
-3.871443288310092,1.9388016656707217
-5.182943304648344,0.6795851084430495
-5.169591760615422,0.4565284853768389
-5.8134838447547335,-0.26188730050948816
-4.210960340703158,-0.39595821125615926
-4.574542537567412,4.336376746063802
-7.122983522583601,0.7144027426541095
-5.341059611074412,4.524687800686593
0.06982733840348931,1.561045498736874
-5.073320057787562,0.4339073626454507
-5.61398170158197,3.5260198645324707
-4.69418915229625,-0.4725354426327182
-0.3737333001225329,2.930030766650405
-6.156674229643113,5.006999249663383
-4.5057804354700846,2.139679774708714
-5.2164704143706535,4.862727706447314
-3.5987976802130577,0.09924911891852073
-2.4758832985895474,0.6161981075365133
-3.94970297708707,1.485330391618866
-6.026924875696956,4.057325142145943
-4.662121717047559,0.11640434086889329
-6.199191693996119,4.760299428423417
-0.61322228463803,3.157234036105331
-4.588144884367428,0.03236877879072131
-6.712433047610767,0.30003982169648735
-1.3039214943072386,2.1479899185920717
0.8402460642921332,1.2148930259765653
-3.494414788353325,1.611393664484346
-1.52025663698929,3.2233855937153693
-5.616105974598632,-0.6200237659990389
-3.7682572104818353,2.0790468347362148
-5.035663556327663,3.8627253676316884
-4.93593866793856,0.5903043857174661
-1.6178893572280377,3.4875655578600813
-0.7155895810508994,2.576942608611909
0.017252224895104584,0.5138302545489035
-3.315000924648025,3.1130952112047665
-0.3869203309954118,2.0262048738008676
-4.398708233936883,0.1265069430218494
-4.9008475680639165,3.3137544249807145
-2.8747671622512887,1.4374349550439403
-0.633774373107509,3.5359349585676014
-5.724107063637614,4.157833237467476
-5.801568785968408,4.257886868521533
0.08175632226395879,3.5638943681635715
-5.596923572523092,4.061058831830711
-6.109863932988273,5.036902326832034
-1.1904226406156049,1.414040515165671
-6.032197171334735,3.049740702294435
-5.8838037036735615,4.750995122784093
-4.6166322443509085,-0.9002194301280377
-3.979831335587842,1.0421448578677504
-3.634279366412305,0.4649016076659741
-6.360833640822429,0.9735416720622723
-1.0733969309930596,2.3769555473711392
-3.6443946303432884,1.8039341031971086
-3.8805927781867995,-0.15904498661892252
-6.595150095841265,1.6719774494309523
0.6527539475499715,1.67624909457416
-1.1996871286059332,0.9234763819757279
-3.8349406434299897,0.5500219566163684
-2.9335133868472862,0.1789885845908571
-5.325126592306062,3.696385709462833
-4.255379000218089,0.8548322642116148
0.054298293555161026,1.8167675697086731
-4.2456105206255375,3.6347551862889964
-5.391557659938151,5.0250884549998265
-4.081784267031128,2.4000351068138492
-0.12637277174257122,0.029483729284186744
-1.5347025421568123,2.988444693362835
-5.069864872330693,3.728936999647189
-2.0486402412336036,1.393022556378213
-5.037344523078519,-0.24064388051228813
-3.4013761750534623,3.0463400390509143
-5.410169402457465,4.1728493966376865
-5.951829307461806,4.535686964530522
-0.28379951080496313,1.6467281812469747
-2.3180317138949365,1.9956607938490618
-6.778920322088623,4.534255547891815
-3.314116412294953,2.8760077016850167
-4.739431016270452,4.673490694711957
-6.0455337748845315,1.1586824051847429
-1.917707720573193,1.8901198990362842
-5.766551093564795,1.597948930521198
-0.7195833365737214,2.222110893099413
-0.9689990682664813,2.0815106953588516
-1.8429368038657383,0.8436776121997218
-6.227004148821546,3.4412132119841137
-5.288464493879014,1.2861811020482024
-0.17349589394146014,3.302856373937341
-4.969361008503243,3.8669906785190293
-4.19717450787763,5.944402335162263
-4.558725871825804,3.3972901280257277
-2.3461388839064377,0.49201655060885807
-4.041694283228851,4.289246915046182
-3.6991670793799187,4.926416821278886
-4.112941911308018,1.0449691705214623
-1.1630751342688077,2.410733615444965
-4.41201302819646,1.3386808882815684
-3.407972886821148,4.163826373236967
0.18358912755860723,3.4278043602401977
-4.906788696973313,3.938452639990469
-4.9887858890270165,1.9457434993628848
-4.941653299673753,0.2378064756296442
-1.7012751871631848,1.3841007170455515
-4.997592044443799,-0.26587675627746266
-1.2775611700137801,2.6114792653909906
-5.186246851458814,1.4651289866162873
-6.371669870048649,0.10850538592662262
-4.309623771609221,2.271229848049841
-4.643381283510141,5.286009940564308
-6.61655287771134,0.7658409940792201
-4.855222265696485,3.043913794355749
-4.188630090516412,4.564111928513183
-5.403792728684003,2.338873387087579
-2.132171877477857,0.4869476792519283
-4.180134133657177,3.489861307753082
-1.5758826444160623,1.4309556950550302
-4.455051514170969,0.8702679626743045
-3.9378096291098146,3.033598833127188
-0.3575985658375288,1.8304410359456111
-1.028565731575088,2.564022851020593
-1.1806415554894187,1.3884495792218767
-4.1312646863857925,3.1308627857093305
-4.803142306632795,2.8157147035295793
-4.933976100146102,3.36508524221918
-4.18678333947849,0.7306418184977388
-5.9804909592395985,1.1090565556647747
-1.2200812752164425,2.828468861184531
-5.769812946248615,3.7540181209010837
-5.776662277076499,0.6356548451674581
-1.4523826324683975,1.4744748847316327
-5.836878220597712,6.040432375896177
-5.199099856308535,0.3643614966586669
0.3985457882761829,2.2885632909662292
-4.1030045642232436,1.7444548567574487
-1.1182316336652633,2.660920095157566
-0.12109118991067125,2.3845998168260487
-3.3959486546013284,0.7585453806681415
-2.2398088073848568,1.2887898557856972
-0.8448291644693855,0.5931864096713637
-1.3138140484562264,2.3837296085426933
-1.5733237369358128,1.3649997404641558
-6.56178574433164,5.34413030269906
-0.24565060251408966,1.853071321541356
-0.15230555656092548,1.181786015408746
-5.472898521082851,5.572567448536379
-4.509260093270274,3.2098904839937035
-6.786371413600396,3.3324441778511034
-5.1583191437962475,0.5203959495551861
-5.336475886835648,-0.24388185895020786
-6.453463209625839,-0.18071724886017537
-5.151513687460328,4.873987056842491
-5.475858646956141,0.24940254947029827
0.0056837657576565,4.508365839664377
-4.259509947112651,0.5090228184892505
-6.145842947763464,3.575513528046681
-6.829098330515907,1.4537929961546472
-3.843978944127472,0.9238073234892
-0.8616522629967143,3.1609429517121024
-0.0301112552227224,1.0226544061595608
-4.885980548701753,3.9735358041069895
-3.797790441895954,5.386235433268471
-4.662923389445992,1.7987531405314465
0.09528453699427475,2.2168401735445586
-2.673092610990125,1.0446336920706312
-3.68642755695636,3.0219743038205626
-6.513808388521039,4.959110283386071
-2.0343203627259805,3.1796321059924924
-6.214354196864381,3.5022326306798925
-5.6028499824723275,1.408878404468798
-0.8164549744422911,1.892098256674686
-0.748738714566483,1.3869304078751283
-5.477321557317414,1.406221053488803
-5.39425373430854,4.0312723197766
-5.275709617390692,1.9771315761301902
-3.7991827372413365,1.6140229261504828
-2.817007791594676,1.9181800842944323
-3.4654384937341574,1.653931358446306
-5.852343797537554,1.2941484008153064
-1.4654082160693496,2.33280242821475
-1.08817539290729,1.9677432211696946
-4.48456451393075,5.189968137357267
-5.766237053202362,1.9611150622526239
-5.646898137859163,4.042526931641482
-7.252442417467972,0.42239009330641986
-4.270146952659547,0.39850899020652575
-0.9850877588919396,3.059597128919
-4.387500664731185,4.699119816470298
-4.78779225198545,-2.0082679573945206
-5.376159893867933,0.1905824190755706
-5.081505988490089,0.9014450704823913
-4.772012510009297,2.1328058055083114
-0.4816094039508503,0.2871336655225778
-3.807151999478961,-0.6341371396851128
-3.9813893629457415,0.22725831513615902
-6.005583354481741,4.74457204750126
-4.185549859957049,3.128852500273686
-4.605157069024788,5.696359789767729
-4.4901541124740145,1.5111142263040471
-6.533222540768119,0.881018562086886
-4.818900143605131,5.164242599684461
-0.7745657672715393,3.13463795182103
1.0250488818487504,0.41275859036681095
-4.609477136174013,1.257370079870812
-0.24813029703421852,0.8414727108669582
-2.900579708978399,2.8882854313094026
-3.500312013862046,1.0251587936373157
-0.7912319481102563,3.2819312723125424
-1.2041612049996289,1.8005425215009976
-0.6574071588684665,2.692012333458574
-5.054431514385945,1.966299627988012
-6.651879127911742,4.7397888517381865
-5.24647030675547,5.481701930699769
-4.370634067169329,1.339478263936316
-1.2239989575605943,2.1747283888956956
-5.4781264412561255,3.255583865185711
0.24412186250347,0.439719122882384
-5.794068452677838,4.248738116542284
-0.6203906249637929,3.6620240106737914
-6.398840588520901,3.094748620503108
-3.532158985622912,0.9054869117406374
-1.972971075619458,2.8935351728799406
-5.41072252733996,3.492095643032087
-4.898611539837065,0.005468228299300604
-0.7892294198473814,3.2538143531445085
-3.5253882838299875,1.753821675011626
-1.8434772247224864,0.48650644487682215
-2.631037700563714,2.2692855504062592
-5.515343976652502,1.5875088861711835
-1.1911760947698367,1.5332352997354315
-5.392951940446274,2.4417751077608942
0.5441903008020001,1.2843849031071382
-7.320952664972623,6.369080085672459
-2.2837127771451957,0.2230412938708788
-3.7299982495742445,0.7201375970992749
-2.1192536812083738,3.0774546230454787
-5.031764664459057,1.087652275913151
-0.26787174289100646,0.913333378482317
-4.921248540770429,-0.06392698260801044
-0.6642964715930315,0.9682794664141652
-1.2501459355678033,2.303203576480101
-6.0720371337151695,3.276965878891409
-3.122499051190636,3.6655727318388056
-4.621162617790817,1.504116909744555
-3.2622202927315707,3.592558652699213
-1.6486856850327527,3.91859946039602
-0.4605879962747321,0.2495449557047993
-5.867028577432555,0.29262563601290903
-6.430008251438574,1.4683419143033445
-5.2548513799801935,1.2789044487144867
-1.0389930725139478,2.2237900305379283
-3.843479642791398,2.1586576002938944
-4.342034224745673,4.730136158782495
0.04559899596833361,4.187803977059894
-5.288697933918092,5.222117468334156
-2.5794222683073076,0.5803940470902613
-3.903515305109697,3.4133944115665384
-4.25230693034709,4.118134351447726
-2.97972067813063,4.834345830260943
-3.3699629501969324,4.078625138371827
-5.737141402769868,4.072891210149795
-3.9781118940415086,3.679145688327422
-2.0221475524087387,0.4772780935882075
-6.546522404841734,3.5747657170578324
-2.2697816354744087,1.9092462775451335
-6.741115848651585,4.508744690612773
-4.9781531516831325,0.39386246610342357
-2.0828749430003572,1.132163971558171
-1.3974506261788928,2.693040828399556
-1.8120596027345282,4.104625767858238
-4.958791556225419,0.7498666249914898
-5.260786556824445,3.1410567360512474
-1.6446968909022415,1.6812397690226493
-5.564992529009908,2.6309241653226594
-0.980441841883391,2.9093336799233716
-5.11499414450555,0.3586738386611812
-3.3114012911099917,-1.5006519101805722
-0.11256638042369904,1.310613649520941
-5.038371269573337,3.274585502577145
0.12316019768135655,4.025418025636179
-4.047274187135891,1.254744027423805
-3.520546383477538,1.394045364892393
-3.4642507658348256,1.2847654131689203
-0.48941619002961767,2.761964001737968
-2.1396340688861892,0.641822269413223
-4.062914789108688,1.6991679464488474
-4.25816721209702,-0.0011085278077789251
-5.137783518283289,5.123258037432412
-4.41602011328947,2.0668364827329953
-5.5676895178950385,4.459228148776761
-4.576817935182722,4.435515003080109
-3.9722772095906036,0.39319735921727406
-5.707347040014855,4.363602031589436
-3.365077311144573,2.2089981378333783
-5.495959155078313,1.1006502161350284
-5.92718522409007,0.498539083714864
0.266136652583542,0.5734044166388803
-6.356536394638011,3.5325037702165885
-5.343508908864043,1.566995784592756
-6.506006573026451,4.401967711225204
-5.702806695076912,1.56861305433767
-5.605175646989438,-0.08926476274665762
-4.308003613169361,1.2023323939168897
-5.051501562525007,4.618469407931377
-3.9551514869920945,1.4064616385808897
-4.920112762969102,3.1806310213133524
-4.668003736409857,2.910473178017701
-5.5624277166114755,1.9242139984988127
-6.296661724131832,0.7355968030202051
-5.920460669624852,0.7391972772386491
-6.142031686671,2.297187499193103
-5.369979095920641,0.9633637347056531
-0.04401043953091677,2.3059926787220837
-6.238857864438472,2.4276661274910727
-3.469214068382271,-0.5526188307609698
-3.6020591906880206,0.12816315201747408
-1.2411973260982714,4.446091755444553
-5.010882115357165,1.291205919056844
-1.0746280616708201,3.2706964861578944
-4.402007084088762,1.3704330420408466
-3.4362215481222105,0.5724545185004373
-3.4257814532690674,2.793127160100129
0.25580849583735543,1.2919393863707067
-5.498807029942801,0.14000384743224137
-0.47803565902346334,1.9572427344579015
-0.35366336982489854,1.745877769478275
-1.9061957104236118,1.610792651805017
0.2727607170918336,2.3054934431216125
-7.247545011339781,0.6575438723861196
-0.4778213514826476,1.9373400278930437
-3.5075096970941844,3.9651320832741273
-4.597045506787308,3.022271832436201
-3.8169666930503947,4.471781864155543
-2.5206947290031065,0.033381282481173
-4.162728467045197,4.624443380551662
-0.06024832208964703,2.0678290051268307
-4.639239963012981,-0.5329604277280182
-5.694554725537998,4.371902166503864
-5.28844379708082,4.754265292546721
-5.547452383071294,0.3029750183934323
-5.554285044857099,4.8848436228414425
-5.1941279346109,1.5935723057286872
-4.515076496793978,4.393786745639108
-2.763341512836403,1.6821239530911356
-5.4637307002044935,4.886300186958797
-4.867611898926166,3.876027158053593
-1.4038704271567333,2.752892336940885
-1.01153982982091,2.6548460615858014
-5.543955702459047,4.481760341924969
-5.914846157537932,2.357029965016346
-5.174606774373075,3.5695691079482477
-3.79384001850177,2.05963085571597
-6.324272348846071,3.958998743395873
-0.18764697946295483,1.8880193108040095
-5.596945589783947,4.104687752725109
-3.5188781972443253,0.10643617474688594
-4.290418023246801,1.2974579935986992
-2.5592649652565505,-0.02681375423393506
-0.4724099176428541,3.8683727368745977
-2.731828827469553,2.5434932324675374
-5.521944427142167,3.044512097512807
-1.0718715147219462,2.6904074522737673
-6.195527497657941,0.12214302802415955
-4.340915754982297,-0.3493689673444924
0.9247268565709181,2.456410658952902
-1.3324819342889087,2.988036114996217
-5.394279405782982,3.196955930545805
-4.155204754176999,-1.0047265734464417
-4.598385322187772,1.062809043605527
-4.228291608819124,-0.40924308763702943
-4.793799466060742,3.919299411688262
-0.020794938098332993,4.808053261296514
-1.9836187937292182,1.5745609524967992
-0.8206907027557415,1.898938507183377
-4.271729625013642,-0.8883939048008747
-5.987661585499011,4.573048262214279
-2.840139565280477,1.1100945369489164
-5.777027914197522,3.2576762411940194
-5.119629775642306,0.8291574190671253
-0.9646524472807217,1.9591201564324874
-0.8603402390855874,3.315312668608735
-1.131147015807702,2.0563445813266448
-4.478952848352922,2.317458273835781
-4.2070971285275265,1.2986122687792807
-5.329153069855699,2.2678381690025824
-1.7668035435940654,1.8536702763077992
-5.5406416263897995,2.9110742475585334
-5.57619437896177,0.66591998536589
-0.2645987706905023,3.3927323301374877
-3.6589055574820386,2.032663928949785
-5.567547697350226,4.238191619744626
-3.2170906283986356,1.515387045223609
-4.822434714483643,4.287492307371953
-5.718856106940325,2.1210997814532364
-2.3100674210880126,1.6914341143241018
-3.2818055842300877,7.226400334784211
-2.790357558789875,1.3494625404680192
-5.114452126219005,3.5698085812552223
-0.9792351126226095,1.3320967834966826
-4.972186920400962,4.549403713327478
-4.719747167765344,5.39332613734552
-4.649419338835769,1.6169694675898154
-2.5453255631678426,4.352477412484752
-5.649826237954266,1.706193784276751
-4.94769919120208,1.3713853971156853
-1.518267855110224,2.7631593195619093
-5.622233399179372,4.502840243471531
-1.9799231645495243,1.765151490144907
-0.7818546787132089,0.7962335583845446
-1.8502477211578912,2.089796263104782
-5.539790003840849,1.696553519182429
-5.56462242453649,2.216172119522183
-6.646930024226747,3.6869471025915117
-3.666481831099656,2.192488248794568
-0.26095484521467516,4.658416959527845
-4.168400949340713,4.637723994501238
-6.624710205808967,2.2830238405083105
-1.6521902974038012,2.135818719657503
0.014749200455802747,2.3610713696087817
-0.6531460898770571,2.4919485217233746
-0.7194173124186817,1.26736289543103
-0.3393416340101437,1.4431533159830243
-0.9188666517449635,2.4902979470877438
-6.925986839910826,2.5191681174150102
-1.1558229590873306,2.7860600652844205
-6.365340372637886,1.2762286158829026
-1.768647435554358,1.943461828164488
-4.75479536945162,3.872582515122527
-0.6226251835649997,0.48563595620286426
-5.581770398450881,1.757307808672988
-1.2352232514692167,2.916061224223662
-5.783203106101801,-0.3321370681636402
-4.106291164611894,5.34502007916787
-5.097970623907297,2.8016128945671515
-7.001616414040327,4.643345236630583
1.2248137823112213,2.6510023900037583
-5.750859651995437,4.578978598608034
-6.0224798707184135,4.957407918128258
-1.3969896701322846,1.1005468303917603
-5.159405873090732,1.2303725538886328
-2.3012305266254742,1.288356939586236
-3.5840789798252617,3.333131243239508
-5.4434572792671885,4.489529426226394
-4.63610051004418,1.7260576076260845
-4.688861098947184,-0.033756085611614584
-2.881625007482284,-0.29668966360252425
-0.5930171445774441,1.8547018489151201
-4.673139296193132,4.318867589691142
-4.7187756288611125,0.6870602193597185
-4.522679595062113,0.14271568685373204
-4.418824432487817,0.3409058505371909
-2.1512997216508722,2.26438876369318
-3.3793649945442734,4.41087948582288
-4.965459310421328,3.7685847780956374
-6.000872887463698,5.842117034329335
0.18214350167127047,2.533335410627669
-3.6085415564723116,4.611478020379119
-6.971830851324928,1.160421337521866
-5.253841622616936,1.3943561120410073
-5.23009736346851,0.3691774112305657
-5.4209263482170185,1.0463909759640764
-0.9810627131942082,1.0311469912553601
-1.368569285211583,1.9260537809654028
-0.7580202258029636,1.7031749246051338
-3.6526017036103884,3.383169252396869
-4.840791174261914,4.610910338923821
-5.06871248520999,4.638695020897405
-5.0794349126755485,4.346043898859782
-5.126855401547913,-0.06871342510435996
-3.0524770277287163,4.4318811813320105
1.6117559010467497,0.3390410236956207
-0.3627261321997084,1.6146419209467466
-0.34482881051732317,2.259171305202832
-4.254258285303056,5.713801386933359
-2.4508626196319128,2.928395167469425
0.4117682765167945,1.2169092037992182
-1.317623134175572,0.5923624350529677
-2.26485944803642,2.64835246167818
-4.404441684375539,3.1505617414536244
-4.247470931043266,1.877020486354992
-6.359895092299658,-0.9936090542842635
-5.129020864205008,5.035155323568478
-6.1888027832717185,0.16833842560963763
-1.308751320624851,2.6660752166252992
-1.232660250961192,0.5798822302241398
-4.55389537303245,4.466102755663233
-6.220339532628367,1.796434407991816
-6.90756232975639,3.922689764179642
-4.852615389369163,1.2842376459681795
-5.005146275519675,3.563349400439902
-3.049013060846996,3.1565169252586616
-5.070454954679944,-0.09816259082487067
-0.5159181590344792,1.8340549198849547
0.4703808770654483,0.6912879509747945
-4.610475697800425,3.143676053351748
-4.425761061077901,3.596950708001442
-1.420641348664426,1.1539434501167865
-5.252100707397145,3.5709508054732044
-5.090162316297462,4.567054668790401
-4.892745258809921,1.7526623587351327
-2.927071393537745,1.763946524095694
-5.726243891140454,1.987673048871382
-5.086002843354913,4.684060558534993
-4.424368112998758,4.3858415517956635
-1.6594123093588453,2.4025049830916108
-0.0001972888520589411,2.9370174249882637
-0.5570020844700754,4.518845272060858
-5.82659430279838,3.2840073515527344
-5.167295564174477,1.7557403580359279
-0.3835431919746014,1.3068889416266845
-0.2954217626061316,2.132575660271372
-0.12681856754089915,2.311117585288199
-0.6323258299746763,0.8175732174999275
-4.751631818707372,2.133278927785507
-4.794916080856952,4.766017058486061
-5.7763103908085505,2.973954026051665
-5.114436098540615,5.606082788948238
-4.985855753801591,-0.07225602720873914
-4.517002587880193,2.972549955607237
-5.2201933284250615,1.8275150114109464
-0.5410132060703392,2.6454843390306233
-1.71135917502411,3.642545599745894
-4.694932856212329,3.5266826127933104
-1.1388245104695376,2.342509270724666
-5.778798423720334,0.219634567942544
-2.248524113256641,0.5079817048185233
-5.52565386650509,1.4756735720646625
-4.873746461698104,3.7779191553822407
-0.9743808428147025,1.9123357422101033
-4.269251553969463,2.1216744876257216
-1.853169667776878,1.9064564249462033
-4.271113818563149,2.7034689001186862
-1.632028813890924,3.116549337410717
-3.343301901422015,4.146136756205561
-3.3258317422685106,-0.03214313191011797
-5.016720234656842,4.241057368579174
-3.8830010833870032,3.8940439144061436
-4.25367676994306,1.213373846332006
-2.247585635176026,1.8163133108275524
-3.0473492953326184,0.3356409383432475
-0.5366508060372019,0.7670895372750084
-5.007952188389273,4.432043226642458
-6.23277192625336,4.180852493386369
-3.501569505645759,2.2279290308710284
-6.405391202177055,2.128888075619235
-4.9595439273065915,4.498496296196907
-2.251082519207575,3.3786642045703763
-4.837200355163529,0.08331502465619212
-7.130746315808967,5.475385446010557
0.19432051725824984,0.8437536522423505
-1.6778206587583941,2.2747513257712915
-4.934535892034495,1.0461845848186668
-1.2876614105824868,1.3133147420909386
-0.5423747792983773,0.7928483218108939
-1.3234436537349596,2.7948081331078316
-5.236224613328151,1.9223113396100264
-1.4383587836166496,3.0897562805740444
-2.170990469987589,4.57064987242347
-4.744862399530498,1.8431492431608074
-6.0780227922658145,4.703579867141959
-5.018396583279707,0.43144028193264883
-5.151658938122598,1.8232202627184777
-0.8415379254375149,-0.08701484602661669
-3.5243476766056414,0.722081811500382
-4.235804854286467,3.330352431756477
-1.3654619598168418,2.0289694288604228
-4.684330449831745,2.125583540186791
-5.239997111775993,0.9873190791761035
-4.3168838860887,0.02313501605302337
-1.3384856047376599,2.231158369998823
-5.7191948810245385,5.765690510693334
-1.0650826762889696,1.1638144160779498
-0.37108811775966055,4.727494917667766
-6.319181223559406,4.277923684746182
-5.796705490449026,0.4212734494720157
-1.4173210806276835,2.0430101513383616
-4.6664040560729925,0.37409149048445633
-4.092280183973521,4.649665593350127
-4.0261906711963364,3.463069717684067
-5.8122301344339995,4.632319386582485
-6.779054695008211,5.511635484157499
-0.6567328626235214,2.364877604187411
-5.725641916816593,0.6105710166047815
0.05429243870046285,1.8160507277709677
-5.102086347516762,0.09921649124747955
-0.8510805175854976,5.381206518786049
-0.6971922117432883,3.7541016538129237
-3.8103630855095103,5.772505192266634
-0.04887580385655699,-0.7206739325289648
-4.469242694102695,-0.6201677566791233
-5.183080536619662,0.6167489915823754
-2.2555465111805697,1.5767505149887366
-6.209902100351782,0.28825774368934565
-5.349851089146534,3.502762007838866
-4.345258285322768,1.4879895417065967
-0.502377831562761,2.2633476146482043
-4.321743353406702,3.1503284503432756
-1.1933988838975087,2.615833519401072
-1.2679350023688627,3.842555716794398
-5.423365428977728,0.561692691987179
0.06048170623995319,2.081364726923597
-4.595412364274553,0.9436361115297054
-1.3703603245513623,3.37491581988744
0.6860240529800168,1.3458044583744604
-5.115833303270013,1.6460833267391308
-5.135311487871075,3.2618952476659575
1.5493653692156362,1.5428906961175703
-5.355585770696589,4.117373729085524
-3.7277533716662656,4.078119344911959
0.09725035534992066,3.0825499194291135
-2.3976980206100187,0.8268117096652203
-0.1617273016739309,3.3425633620911155
-4.443262494335256,2.822322362770208
-4.863638328237319,4.471298308534898
0.2686310031328958,1.6103213430809409
-4.526355647859981,1.274539922428851
-0.7947046869007445,2.6692667033186
-6.227261850311406,4.128212810451393
-2.32523615497427,1.9687006652785384
-4.020498534658617,4.555179703625313
-1.9935958901602737,2.191834406688917
-6.017059460411341,3.506615424491323
-4.338220271236832,0.14743808731428
-2.4302737631295175,1.4734383535529822
-4.011993115398701,4.01525044709746
-4.908050959608062,1.4057457450004187
-5.322240834096579,3.016487927066735
-2.0385165260066436,5.141867888603921
-5.2538478896038,1.1223489172953103
-5.374645561256508,4.784790405800749
-6.27035684846293,-0.9981847700708031
-0.7035928217909537,3.1811947930433195
-0.6577214063339574,2.7389910060891176
-5.3379578547045385,0.9788800909479387
-0.6580281089118178,2.404454033412578
-1.4074462912387702,2.370785897120244
-4.252896249302522,0.3083236065340561
-5.858466080937321,4.206844436032795
0.7989072060286377,2.195032892556293
-3.7229306856304785,-0.44870947963809393
-4.356120286999715,3.6807848987960097
-3.8565601327974086,1.0034841083928652
-5.2725151211491585,3.486286617010583
-4.492671235826459,5.057308088090532
-4.743016728008529,0.33979913089656966
-6.391276724930499,0.7697993358561968
-5.189321271515672,2.288758846937792
-4.848238932832978,4.704143686913064
-4.918753651288963,4.616723179456171
-5.462391983333839,3.165224125415928
-0.6395165974870268,1.2649908562094399
-5.6304826859455,5.20662578323371
-1.8923349300488943,-0.11555009077561751
-0.03794003169997462,2.0859927006644203
-5.064978655008669,0.08449838213137373
-3.19261652642703,-0.21529866254137597
-5.333730055766589,1.8590345977200828
-1.3344554642545967,2.259959372515028
0.07003469306296362,-0.020291516392664022
-6.588519697050482,3.766809245377991
-6.4848429825299245,1.2997841998419273
-1.119609639986751,1.4041122859633197
-5.709094839857784,1.0246354335256973
-1.0402191568778496,3.1387000460721186
-5.101932446136742,-1.5576756170454331
-2.6638044456364476,2.8820074363290122
-5.554492885215774,1.3868471399192202
-5.642729684372393,4.79065995741164
-5.605012748937768,5.819979613575352
-4.760039425900937,2.0383397050167957
-6.760893299317562,3.301072888230873
-0.4345858885122633,1.4776027074444342
-4.834334544491874,1.8914849137047365
-5.114909158819591,4.9713490459158916
-3.954152686667136,1.969195702384235
-3.36551743393391,1.3488420368176262
-1.8012660616200078,2.222945571587998
-3.1745986841854594,0.1485878523421369
-2.3713288239984704,2.482125697370343
-4.574085417136221,0.5717326562412113
-0.882321283573139,2.1807878236194513
-4.551490801213404,5.121333236169301
-6.1489428360279765,0.4029977862210411
-4.579611223764605,0.6378664340904074
-1.6718883729840512,3.337911732042622
-0.8424067750667968,3.6856475180598562
-4.581458712257432,0.11861962654087166
-4.131072498175918,0.7040777377759577
-3.611541376028356,4.308563300424088
-3.414192561156213,4.147143471973606
-2.1006423792623794,0.9149342799766784
-3.8238171043394837,3.5307711622046085
-3.839754849381186,4.140403383485777
-4.218335552735257,4.575303449346924
-4.144217801042906,2.3350397300660015
-4.738677892506514,0.9280603586383244
-4.119292412742778,5.808945263760224
-3.974778675739093,-0.5419161901240237
-4.04040958532204,0.7042401918379309
-0.27753620698467496,2.2809008653490688
-4.55406570722087,-0.3817174077272689
-4.5117251945594825,4.83361846945408
-4.23044530808003,3.8410797791279423
-2.9947215116553996,3.989962951316041
-4.696943123463939,1.4290259717245484
-3.358869304569534,4.31141927981642
-4.81864431286454,6.17657026718919
-1.4737787745873405,1.8136342790361548
-5.763228670169923,1.3448883282281425
-4.255786221611952,-0.30873196994816987
-4.449060992289378,0.6175468640853631
-0.09046291039286092,0.08614840256492973
-4.015350891775176,4.6900289238645
-0.8226113838050617,2.0171746323896182
-4.8354917796320205,1.1815277624308396
0.008046271272458494,2.4459415674858844
-6.391524890327305,3.409271006253536
-0.07834120658969934,0.8136463792543835
-3.9162185053025187,0.6953638950997869
-3.5986567684700104,0.35947676628891223
-6.027336591265335,0.7115120542295654
-5.425744864611049,4.786142426823494
-6.073740852269828,3.2521776509344607
-5.327452398758235,-1.0913932783937113
-3.5279817057062894,2.862635799954943
-4.331797326700544,-0.6449868466424007
-6.873005667244967,-0.4485528078557688
-4.613590325383263,0.4529735745761735
-5.206365452623353,0.7356754502096999
-4.549262061909928,2.4732763600299235
-5.2322605144797585,-0.10486879421949258
-5.8719721083191,3.8189216914020956
-6.429052483094161,4.061658410240185
-5.667419412366306,4.307024621809658
-5.282219843541288,5.53134473785396
-5.238925760361755,4.610786514852776
-6.567478711391143,2.4835002334375615
-6.056666505107021,1.7975732757763265
-1.0857048379463885,3.1337873260072753
-4.234901131008324,4.5352588630124755
-6.272985888948598,1.1605766796038022
-0.8663511360152863,2.8169065451498603
-1.4488726324459125,0.010288185690899176
-5.597179097418186,2.2131692678719137
-5.615892737522774,1.4811418362825588
-3.5347018614344066,-0.03729478835939215
-3.4047760480252593,4.612776847811663
-5.007732869239461,1.5814453366316483
0.007089944163409356,1.1391638538895483
-5.538451592361603,1.0230257896259747
-4.393294009200419,5.0890631327818205
-4.99127516901507,0.7405362277409702
-4.270007973747901,3.01002983150041
-2.813869398598504,2.4367387224442454
-4.3061576996949205,3.8635748724048895
-1.0710443021624478,2.5363536242222144
-0.4907587842456306,2.4788894817814664
-5.286998305104859,2.7971910793749735
-0.3535214845535024,-0.08556542570645886
-5.366017004792134,3.6486872139765043
-4.162603919465526,2.1809867837847676
-4.413383260465114,4.946784468253312
-5.091280590617558,0.6359135211612501
-0.08691072600335426,1.7231751200842933
-5.068692226660585,5.574862399566962
-4.706926588056617,2.490202511599265
-1.2153325250197986,2.1888325620482783
-6.043498442656279,3.126438147027997
-0.20686506190682652,2.178879095201177
-6.313168723600611,0.8577398001382412
-6.677943003454516,0.0969396479603335
-4.850018334255424,3.9361092774256763
-6.411148162848347,-0.2618530439144824
-0.6430400370584832,4.105335014028121
-3.4792610961168178,2.3505159143674303
-4.551299246130556,0.4913151383602825
-6.599119254882305,4.484400767549745
-4.748291636865784,0.28333678528376527
-4.077316588322796,1.8778991343530431
-1.7617584249446194,2.6378444181725214
-3.9010539152591313,3.792577331454031
-7.292454131587913,5.181028135168587
-5.539193009033983,5.86885639203451
-1.3515173823703834,1.8833635922408816
-4.597284919896725,2.242707711648613
-0.09767571085289461,1.1489428336114906
-6.740177861629273,3.8124006234942143
-2.078669305480014,1.96349536226363
-3.572475305576881,3.9458601359155843
-5.162414726596428,4.133015315056329
-4.143880687956969,5.30675711916889
-4.837253528071773,3.171149256216932
-0.4324053273949129,2.063410334215182
-4.979244794286464,2.396104339169075
-4.545119220295607,4.044556602439849
-2.6907177944760305,4.293577036442081
-5.19617660065186,1.0421855501278718
-7.153858575622598,1.2303899324644771
-4.986668510862918,0.34662697014453125
-5.447141931027806,3.168359271003329
-0.9116980835466433,2.1882327060227067
-5.979276177582444,4.7926767700864366
0.040273401988860646,3.8397672272977306
-2.853312437703981,2.264697614150114
-1.9560360067986318,3.514493089497747
-1.4734456495905508,2.087262877345948
-1.6670214549443654,2.2285886166265536
-4.72744763536136,1.0414783373329566
-4.137760628797364,4.125795897835803
-1.8823735159114454,1.5426414440763359
-5.7313276081030144,4.481375843356752
-3.7536302326703153,-0.19656214332516608
-5.943671966849372,3.718875006420066
-5.530319638411467,-0.9028841234387506
-0.7575523581629324,3.7545786113387845
-3.3085542063161597,3.713375051754574
-3.305412943950952,-0.2775703891099852
-2.5088326772434346,1.5883411961651948
-0.4549598080479107,2.7072736160327198
-5.461876785187644,0.8598373426238324
-6.023181383839006,4.580335372085373
-2.2595879450581426,1.62481042005775
-4.5520861417282354,0.9848157093279817
-5.755477731698627,4.220711596455253
-4.2697650826021984,2.7171529272400843
-1.6010225481264184,2.356500777306865
-4.816095722336606,3.5418358761819837
-5.0145209205558094,5.586688555896582
-0.48331981247349154,1.8421582860369354
-1.5522628359272386,1.502628976907971
-0.6631181830292303,3.7012943355972974
-3.7803262852285506,1.6473107631592985
-5.231084224952292,4.276412291358522
-0.7755025358669683,2.335789507301489
-0.8512661570233495,2.8450987827130514
-3.700826416441842,0.5832075089086509
-1.047553500503075,2.1184305483337686
-0.3800200037519358,2.4607852632085603
-5.482196340988523,-0.5943840455313496
-0.7060448249471427,2.0572021126366193
-1.485765623098005,1.7647457697881284
-3.8746511601239377,5.421213685549809
-6.4513208898885175,4.352174468952681
-5.434643719391168,1.563223591744663
-4.481973573841896,3.9183826485147737
-3.67792810766309,1.5657758240300175
0.611850351595939,3.1631443791719835
0.9852913531724239,3.0220540725388085
-2.5536245777089386,2.381180545372126
-4.31952016667168,4.5626337654576155
-6.288385508686559,4.970175202170788
-5.972718543724909,1.9961557636022031
-4.375635207669024,3.7737390169615024
0.7149664570044911,1.3903315261714657
-3.9111604472346864,0.8433624336578354
-5.49913683289146,3.5742085329982505
-2.542517824662613,3.4484776785452382
-6.441053121550282,-1.044241847872267
-6.797855822503199,1.7594967369270873
-4.837912647566284,0.4241206378045398
0.9379802874389012,0.5065674829153342
-1.0376732145640344,0.5425193750624546
-4.542268554873512,3.2317360359528147
-4.186167001442212,4.284528890434701
-5.306946352324993,-0.4464697008824161
0.2315946107877387,2.64264571462521
0.12650121308826479,1.8619435336263077
-5.172664980263238,4.314022839520096
-4.6663083422693825,1.6950367739613186
-4.1584662983790395,4.779226463637915
-5.6452722758286775,3.2307603322157705
-4.881322736666453,1.0306422536037945
-5.757193830598466,2.848545644005857
-5.582153057299751,4.581659723035445
-6.549238798119095,3.5488160247433385
0.10047346047914685,0.6290738220891916
-0.5064906750899323,1.043420348748005
0.1757348846491038,2.6977448373603865
-5.817246457390294,0.9413500490143155
-1.0601037766959593,3.533533476399141
-5.928839710693171,5.2727147635778415
-0.6240526302353671,3.2873222925738914
-1.306523401321749,2.407280414426183
-1.338349793905475,-0.40456487978158506
-7.22875780030737,0.4793500141560797
-0.7833215003442402,-0.4454135252038385
-5.187846264644205,1.603637016865966
-4.5390770332602335,3.598023710630253
-0.22974849759548632,2.4943086341102587
-1.3906895426916441,3.5112872607621886
-5.607578657592492,4.927487279055175
-3.719246605078472,1.6526569003803429
-1.156707253237972,2.3975915979758082
-6.2780559098071365,3.6260056250108064
-5.695375107569402,3.694576517834187
-1.6044676874374835,-1.3286516433640707
-1.073214461234732,2.1251308127351467
-5.1318384422356536,3.823195858403966
-6.359032793130824,0.6538652120138129
-5.8956902752420035,4.020389710830368
1.1834206769186046,2.444563942526896
-0.9985891452669673,3.2605356716197003
-6.328910473626157,5.09711743963808
-6.416450083444746,1.7915565773739734
-0.28135312633514276,2.506487931291296
-5.476915337957054,4.030337529076188
-5.651521682199137,2.0686151899772303
-5.7432612897987285,3.48010508436159
-2.469157208465222,1.0564072397644755
-3.1128707395933564,3.366190271051747
-0.12099279117071038,2.3673076015425605
-4.551035446879201,1.2268061367634333
-3.9528288250484347,4.5321747696600765
-1.9879398346937527,2.497612672805349
-5.054442041672922,0.4206619927780221
-6.662563405598717,2.6365790652066474
-5.140852109614928,3.5139235889597202
-4.895483064258934,0.6720417973363674
-3.8889191902401214,-0.041416112939486105
-4.995358194704306,0.4715501382089474
-5.222125811278279,0.36775403326534284
-4.4681887883062075,0.3094039434427859
-4.72734585073382,4.113320130494395
-2.7324945079194043,0.6705954220440218
-5.895015320758092,3.278915105116641
-7.593182043676396,1.2404027642537676
-4.6511318193069995,3.637943152961774
0.6902890222233835,1.0099202224026884
-7.2058764562021755,1.1195524379571473
-0.8067077896927093,1.4114212096983736
-1.5036415313273177,0.6574201229904693
-5.391317663362403,-0.015431114335768381
-4.1533175033122856,0.20061837911689995
-4.881981276864326,3.2858175687794486
-4.911378717663232,4.246252316509504
-5.831871335450687,0.6606872003675435
-5.136501941040493,0.7553087566959898
-4.641949815643367,3.6695825545759067
-4.607384649373425,2.296768636518327
-5.264756280361902,5.38942694217245
-4.868710154369381,1.1703847377312355
-3.945948804023679,3.11161106982312
-5.186215813513224,3.9609126116157203
-4.894231538105781,1.172017263397351
-3.9928144729507586,4.659815506354017
-0.8742630124865334,1.5112667724803583
-4.7940212114940355,0.8668546188588185
0.9510868538958563,0.005467736632567055
-5.512137836516082,2.810087532269598
-4.0200384896987735,4.431123649965335
-6.642438670569813,3.9313533911683356
-1.2000853130246476,1.1885591044466426
-4.834628343915196,2.3010209641859927
-4.903850071832016,0.8742073861317827
-2.4819174471417043,1.8388871053296325
-6.072246696163177,2.9706627007902595
-6.33971642467915,3.5248798293382473
-6.636123059753051,1.171780531515112
-5.481320522894126,5.335993041619565
-6.213878348063227,2.5506490541122933
-4.26828768794633,1.3427722130495505
-6.524305199276636,5.171931256338287
-3.833970794891036,1.3319537759450453
-0.14715350918490078,1.8378684327854127
-4.846072457216537,3.771817722905183
-0.9603571687888979,1.380365852829971
-4.6914750802789404,-0.22461208057013327
-5.4581752873686025,4.321713400635292
-4.749931615470553,2.9087179498518188
-6.350948039078388,1.4226341590555296
-1.490852976214158,1.9015177248661128
-1.632037782334022,2.684423384697947
-1.38869683908203,1.737231611137849
-5.555408398507294,4.281783033469139
-4.427298389314364,3.3673790956329492
-3.512656628797127,2.5512175708375278
-1.721543281864513,3.2456019132147356
-4.192761596433433,0.018770927052663255
-0.7815081064617297,1.1335567864130733
0.15926609174522155,0.9793200261936701
-5.661756368721167,4.859316429447736
-3.842521314628572,0.15951288473470737
-1.7112498972571095,1.3809778910942359
-6.24283236941232,2.604897265744402
0.5126606338372928,3.865025434604929
-5.000969762082817,5.998039790008097
-5.184042109902533,4.446759599459725
-0.40048266595748505,3.2782806218914127
-4.69725975037242,1.2228121142698252
-3.061294897629807,0.7080045232446469
-0.9440544735891928,3.053907388936021
-7.507021305332587,2.2496439263311245
-6.428755803190247,0.5094877619218503
-4.033048432589238,4.765667076933616
-2.880981040774705,1.3891345725257283
-5.702930118736483,3.5556629372542794
-5.032553489738252,1.848331591877992
-6.805214585569526,2.38435718124786
-4.487579544365001,0.7072510905061764
0.21111834959517894,1.630050658744892
-4.65589137620943,3.6967091092816777
-2.1673663482489416,3.460027148668736
-1.1574918105097818,2.307122658298602
-4.762092868428496,-1.5383544861078193
-5.26399497748895,0.39998309013640987
-5.83686809380454,3.215089702207701
-4.670602875721943,1.4802116498858353
-0.2735510472149284,0.560068475101853
-5.0652263539751665,1.6980875416096004
-5.549058997400941,-0.11068894645539085
-4.049901525361206,0.25825800001960975
-5.772654905575845,4.691600532031198
-5.0548357712646235,2.4804476650719156
-4.269664033526327,7.589221269237578
-0.8239944388704735,2.6017329345748665
-4.7977068335889115,3.4324994879127946
-1.0080237394855502,-0.8846580301084184
-6.016797793414387,3.511501285737099
-2.0585805296483946,0.8571035915311531
-3.337925160001403,1.446638020459786
-4.2447914100215,2.067477016613857
-6.058411693881904,2.2477552677016623
-1.0995924248071647,1.732139414950637
-1.7404839401334735,2.797445387347034
-4.573276152286912,3.199174147693614
-0.7079830697635635,3.8546181818912255
-4.080859762989814,-0.794645057777084
-4.459349948168743,5.598607387706178
-0.14315730995211418,3.7749334053208914
-5.142555984463808,0.8940644911548697
-5.58875418153297,0.21236262679822526
-6.227578027486053,1.097477382860026
-0.3480886141211599,2.0270466114953813
-1.874699537525045,2.163329987062563
-3.6270623085522713,3.1939117440913933
-0.9761284518923841,1.371829766767735
-5.921480472271146,1.0729139456997128
-1.9021349841111714,0.7756589900413275
-5.959283333978638,1.8989831498389917
-4.816638477539144,0.41659084780128475
-3.88723251329286,-0.27034956351005635
-5.760559284052078,1.1236583998314336
-6.736990398021312,-1.361105902562858
-1.6669747480451325,1.2636141280126785
-5.266679841284536,0.8990430004424822
-6.090773221588316,1.2366806893642286
-3.821268091736254,2.6849160409960513
0.22346935471383023,2.007362338593472
-5.561377837176211,1.2610481070842914
-3.2591988128009497,-0.1922597960021033
-0.18311053492921703,2.7619441260358455
-0.6468614944078231,2.331297622966131
-4.995649291334993,4.203312013396661
-0.6730664952192655,2.9411907098024255
-6.865636372979138,5.13617028068075
-4.827102659693054,2.4207822977951006
-2.6682605822821754,0.7790691334810729
-4.894418192478453,-0.14801591595822772
-3.2918261809421128,4.719737579987912
-5.998451058037403,0.14356946427508477
0.48250782025830574,3.5061779368589763
-1.8943860970169226,1.800531925535578
-7.117678288169727,4.600825349854448
-4.92501887180801,0.6284781714096606
-4.612965785234987,5.030324162156354
-4.565947885197341,3.8808617025824463
-4.513671306207563,3.211479828031933
-0.5233115671638628,2.5859450668438932
-4.2092531429385724,5.584248469358295
-5.203530749923067,-0.047616031023614
-4.508450438485452,7.082571697589138
-2.8072647186190074,3.4278462883319385
-3.54431435298161,4.074842595240974
-2.030956981335623,2.0783092654275612
-0.8359621091460638,1.8128426819367216
-6.157889956572178,4.315692227639386
-4.489056428095555,3.3703938858710316
-4.65060540361555,-0.4551503547824791
-6.3571660396105205,1.246975427785204
0.3069703915422497,3.2236227703749396
-5.0634750470704635,-1.9656282739350273
-3.8586868587503207,1.2283213889749918
-5.576689584306049,3.434037957667477
-2.6454953754988013,2.0725203551235833
-4.448498004947558,0.29039232766986645
-6.848652854380166,-0.3622375892736185
-3.796037014224267,1.3924874283783844
-2.425659166584526,1.6822299500606315
-4.335629183021878,4.256583496022785
-6.05937043027831,4.234222869421022
-0.19609920279973347,1.8613513899867487
-5.862906628803932,4.191227430579996
-5.09672357342341,1.1379774965235403
-4.874209707605847,5.401073850355582
0.3541232557453524,1.562669080028459
-4.901406088962759,3.112418227331687
-4.032175816440856,2.5822109201282073
-5.227275921181263,4.437403223416087
-0.03631598704364525,1.497439775505284
0.5178168249822144,1.5887118099384456
-4.916870668981171,2.920591579011209
-5.694152364112867,3.6798558383544804
-5.493151043323852,4.484820946526603
-0.1204193039172129,1.7255988960236754
-1.70327962596218,1.119056784144878
-0.8147168605573589,2.4466331437722983
-6.812272218845979,3.746000304038186
-5.559964361661465,1.6045656636216825
-6.110394933541874,-0.7425292158501562
-0.9850426640585778,2.2548481857877634
-1.5392797821763238,3.243376118137187
-5.050175703656679,2.4864685342107338
-2.697166095374113,3.3557969561659386
-5.773456474306021,2.518065193636053
-1.504464859853194,1.882965380249665
-4.014928631486611,0.7056800976880322
-1.8980872083205889,2.252949192548404
-4.215555719137004,4.849479648615692
-5.5993698483954155,4.554779115230231
-5.651946145348463,0.8140853480577708
-1.7269017260719357,3.253436750158109
-6.972817149290741,0.6940707066987643
-3.6267200017219188,0.7904409613435368
-1.216127387439407,1.6816081988163214
-4.54827862478375,2.609129293911498
-4.97188544078359,3.886848542729893
-6.151653650008199,-0.502668213605876
-4.488242249465946,4.171273835965092
-5.897213578094049,3.6666696052195835
-0.7999044404873283,2.3820136691320513
-1.7374010315519754,4.202385333185116
-4.540663837209483,4.751003732103193
-0.8625577900453071,2.3843552901324996
-6.475836067003885,0.42809337567581973
-6.046085868371453,-1.2961420861264865
-5.995474135566635,1.4385140778216896
-5.837234359031523,0.3877714087819898
-3.4006136353627845,2.608483951332639
-3.559286550930514,2.4620821798058588
-5.329202953489043,5.46864520068631
-1.2560792879333547,2.2006279246326184
-2.1970262298409993,2.374477786286643
-5.314810845625857,3.3765316258083007
-4.925734532093265,5.167057165888827
-2.962177234436361,4.247300823131746
-4.449733065471702,0.37021722195419315
-4.57903524804595,2.2645390008093855
-1.8871380154842892,2.1682422187781087
-5.131529153860998,1.4795545842231665
-3.8835588816200364,0.19870816942339076
-2.3708237243831887,1.3434840684892397
-5.9914677958696085,3.7324415084225535
-0.775078592121293,2.177457383821096
0.12624625778569243,1.0893125955034293
0.7099902960886553,2.0931094188596484
-0.5669084691769095,1.0119780808264198
-4.1699745980861245,1.4658621410730817
-5.819279347888772,1.3264517202457116
-3.7240221589556817,3.4996659320452532
-1.498302693827373,2.9677838761216364
-0.7826661994247033,1.8472219218078656
-4.825252736935422,0.39220226948031756
-4.6395762711273045,3.598207484033114
-5.226346835065931,-0.6474418911425421
-4.585584570364625,1.0516121138002563
-0.19686458925151384,2.707070466024595
-4.520771366845391,5.016282388232003
-4.91815732447359,4.696954516873716
-3.154092532046678,4.392937747720118
-4.84023711488423,4.502985060809229
-6.201279270261839,0.9340822858653869
-5.8667742982462014,-0.05651867005663336
-6.4529641096343004,2.819434684963859
-7.301008590651646,3.9482226003067233
-0.5004716563693241,1.8026752574944347
-4.425135132042509,3.3379861556349644
-5.178963391811394,3.14977892269129
-5.459388183045639,3.866775044054759
-4.125696770822256,1.0132680481138125
-3.2937690979724126,1.4982910038570403
-5.6056718268750725,2.369900253882875
-1.0314529795441867,1.794750210949283
-0.7564111572266332,3.7978152296777004
-6.2212333710728,2.14237928672543
-5.790594046611545,4.430937192201576
-4.523322894629685,3.3548840695350686
-5.390899227620064,3.806783366621443
-4.884680870875465,4.7242092176945505
0.2551912542520218,2.461269133131523
-1.0504514671303955,3.297042542058356
-3.7946834270673464,-0.36794330962062416
-4.035851159897298,1.8912317624715964
-4.70492380266215,4.496327848426806
-5.349386582525046,0.16406278271942787
-6.278610664694737,0.805257800570617
-1.89384836005362,2.222619764543382
-4.188244799708887,2.2548724969989555
-6.357455552776373,3.114665759442304
-5.014988005303235,0.24315617211578122
-6.03366326590203,1.0858400050482917
-4.710793006271456,2.051708643920784
-5.657870751852031,5.289849017117514
-5.033137024572305,5.399461129506479
-4.1315850019925495,-0.04544474297147372
-4.523873979746604,3.9553003761745953
-4.878165654627778,3.940929077841992
-2.130597313966397,2.7746624314366186
-1.791581861354806,1.8044202567355516
-6.076371111979171,2.098434796850259
-4.557510680020816,1.6024905888090042
-0.4744961655755996,-0.2418470486157398
-5.534338197604782,4.972336146423569
-6.542329867337001,3.3846764186034006
-1.986952263121526,2.039163866229898
-0.003122312017149187,2.463280418050363
-4.858375119647741,5.192835462119458
-2.713130004621427,1.1977021656711908
-4.178791559373751,2.0179550891292504
-3.347849900642691,2.8774473041652104
-4.431103010186863,2.881163791395897
0.22192119966776325,2.5724650741331025
-5.201947606669461,-1.075575955551908
-0.5467495738552164,1.4012724128600267
-4.559538087632924,-0.5335595788923022
-4.735955512134612,3.735399630732668
-3.29072998563025,3.7670177636268423
-3.0059277007671628,1.6800035671038414
-0.8582485769359347,2.917269380147543
-4.1903950493113,0.2685687898126611
-6.732732900983615,3.8220187817644877
-6.8449998009981865,0.7630553376972311
0.44154853845554376,3.4877156919435652
-4.138423321574521,2.4817029500709626
-5.0837955618481425,5.064676068677341
-1.431630984615351,2.4734315726885683
-5.5639738339816915,3.480598127089019
-4.504445301119817,3.6193176447113626
-5.975690639765761,4.963450603744766
-5.76065452983263,1.1263019660656148
-0.573522607208224,3.67587460213032
-5.856226455252382,4.261967625490945
-4.636150116571321,3.4801147720036485
-6.734384121936396,0.40845956673822303
-2.010514819785788,1.7325402636178584
-4.842702799313299,1.81095487812093
-0.8304561013530797,1.5824583452227612
0.14561029904488976,1.4082766518099903
0.32586100893317904,-0.13650726259541424
-3.9632216413919847,1.3031213493034512
1.632517788694161,1.5094217204724345
0.2889231041912528,2.5817195853406796
-2.9448504298622478,-0.3451146585332423
-2.0399829340525897,1.4763964446061975
-6.465549289613709,2.5363624011230224
-6.133145826508354,5.005750988174852
-6.200627281498321,4.591616845142177
-3.2687717058915577,1.243900946516273
-3.528018163375809,1.3351937101341365
-6.053090799488101,4.656824059153228
-4.55168070373013,1.028373838210065
-2.4637216858231366,2.140413679191227
-5.654224880391885,4.133687052093327
-3.61589226905448,3.0180070657252527
-5.503334488855677,1.7085601454444763
-4.333720949241074,3.9036775550524268
-5.019404944007261,3.199432132006618
-3.863961184036144,2.957850090404392
-5.088664177644108,4.5834843848081945
-5.172711250485194,3.614319418139658
-6.756169437638217,4.585125132909704
-0.9172153983208289,2.6055228311910357
-1.9377321332748338,0.3434563291505097
-1.470160429938899,1.9364247953495113
-3.261318525731209,1.6644289282627343
-2.3464190998882826,1.2565836028982575
-4.366718923853296,2.7868866984626264
-5.0642705281402955,2.8794038878428356
-3.828384009213527,3.445912789250948
-3.9853504399811523,3.3972219444046745
-5.800177780065443,4.42841711024611
-6.372240819605407,4.208681822672858
-2.8984756731791794,3.7358021678103874
-3.8221378860433854,4.988138596241308
-4.8325538142058555,5.269609473165496
-1.2967921944285135,3.553099859271625
-5.7057694568115,0.4252720267077502
-4.270336349663689,4.23298478151202
-0.9285880475618503,3.3687457663070286
-1.3064627305511696,2.3257764485102346
-1.5411762791804275,2.397376829837085
-6.002414289012167,1.9242597138870345
-6.876414001735599,0.8893853829363193
-5.175354564256328,4.3862517465087985
-5.71824038902385,0.9423474865384244
-0.909111812996132,1.6536912933226324
-5.250383789693141,4.391474178196697
0.011316772716141399,1.1910265743277275
-4.349251273441548,0.7287995666937892
-4.496012257482327,2.4167694515292872
-5.383058758245421,0.960118637528815
-0.476045658759469,0.477052168977649
0.9618044935670675,1.4376150654080235
-5.076936408843975,3.713629265009487
-1.5807562359821523,3.2191670389198674
-6.201710291827162,6.489191467787107
-5.1395053650736156,0.09309503444720002
-5.7553985437731745,1.5846117290476258
-7.219531809403486,4.415661595514913
-5.500780757377063,1.6367952060836637
-6.309980848204068,2.553611544569508
-5.417988857349637,1.0638516290896962
-5.898390769162855,0.5047742024995285
-5.718529902391341,-0.38560763949476917
-0.5656271000176769,1.2799257323005504
-1.0694434796634893,1.394308593505646
-3.892727807969723,-0.6370522027078072
-4.623461367796279,2.917501808320691
-6.354098089345932,6.298667321261419
-6.233850146867188,5.481989692487785
-1.5046731942275304,2.4693627445648456
-6.09703804549356,1.8562890689765288
-5.97199341515377,4.322754650394144
-4.507876431216932,1.7666970612296167
-2.0678943595854156,2.081722625230742
-0.9088581831568872,2.3028309470349893
-5.843561340995394,1.3673594128930269
-2.0052712326764532,2.0657673566140153
-0.24119493971109085,1.9746321692498023
-0.1663931618742842,2.0352239304711057
-3.5592715378269046,5.089392129683114
-4.192865580257544,1.2877323500427242
-5.810509274383752,1.4111146170230378
-5.0433367162340295,0.18112546137203556
0.7735526120140783,1.19000896658263
-5.983445435115544,5.096893167772768
-1.0274617969896922,2.075018870506974
-3.934096829595881,4.459191032062414
-2.3317282097398353,2.3270449572149037
0.7377364505223589,1.7429335999972226
-6.61427209683742,-0.15760095543024888
-2.923552512546729,2.8810478521185763
-0.6992501448188575,-0.1343787957241358
-5.330098484041785,2.8061769657787874
-5.938976339509487,3.600427377437131
-5.466127851231495,-0.24878470518972273
-1.4869698919061198,1.5866303864061155
-1.4413905630876014,2.1087474836413227
-4.927805397223431,-0.3601381193033679
-4.810376501070089,1.0514237522626484
-3.504708897730655,-0.032351198133203196
-2.118453287146082,1.7936541692070316
-7.389083285743039,2.7220152602265064
-0.7460513777127935,0.5086547641162813
-6.189809682018705,3.0120658351073684
-6.014443326762619,3.866449522459381
-1.5962128293666542,2.4347244856911385
0.41993947628755546,1.6662379567477879
-6.360683737731006,0.2098344106960477
-5.4922301984379605,4.111528951540247
0.2921506713524431,1.3345629204089384
-3.8107621988482085,0.9838283944276488
-5.619369960133687,-0.00039252791507427
-3.8731663544478376,2.337778594933013
-1.723983952926519,0.9285568668187216
-5.569061684445904,4.384730930033368
-6.04447684735918,4.643470121047184
-1.5628842977821178,0.9605512187671776
0.3439669326239383,3.4445769253502903
-1.5588669858738209,1.0409053670286528
-5.020185305018155,3.808930575731613
-5.642476054059767,3.493545526099843
-6.124863826221828,-0.3754511031318992
1.014079049638593,0.2774552820957743
-3.645092662706473,0.07667068546075473
-1.05582150499312,1.7773762960825163
-4.7394784090921664,6.545232394159269
-4.494684816219157,4.252841645060814
-1.9446748494489905,4.483178580005664
-5.765451614045425,3.5587012488113947
-3.485894210691521,0.7315007432055567
-4.5387046050980855,-0.03391669699955169
-4.711373974027281,5.704731887459934
-4.268901012247526,4.058083052208812
-5.2303724455338285,0.7912412341561709
-1.6781184639951991,2.3058229483802926
-4.868011581240889,2.907791704753492
-0.6822401667935301,2.3592313140675873
0.47958306262284234,2.7708689087158422
-5.020278675699277,3.9813125442600508
-3.9001857786043064,0.3515847742044732
-5.395012502060186,2.0097801394149233
-6.546650934482219,4.859685317128945
-4.591362877777052,3.204182320562745
-5.990906424744164,4.3853541201742035
-1.2658652134522121,1.4899459714607675
-6.29952245230174,1.6333983849882525
-5.9908907844370365,4.065068775226116
-5.292542375634681,0.4809212044448732
-5.655245211552833,3.7823897357570035
-5.40497248261613,-0.6061797936674294
-4.628533674944823,4.019258994307546
-5.604617259328122,-0.13090463765877702
-5.589937827932965,4.209038571708167
-5.151417556750042,1.0966425299757252
-4.670175712460161,3.8647013900523755
0.5888946943452793,2.4280770782295686
-6.319925198360936,2.534634882122782
-6.568597282625537,-1.2559299097546197
0.5447567104840694,1.9881064422566344
-5.174086781091862,3.4697161715756466
-1.3854435334161408,2.7939672854327493
-0.13624201149422532,2.3993057125724806
-0.055685557450995904,0.22695053291102507
-4.307247196849042,3.588096942835185
-5.86390045224696,1.6900127316052678
-5.859251756461861,4.548659617421771
0.2153665084563141,1.9213748457084021
-4.505055181039476,0.6874273456305081
-1.7033276927352745,0.6677525968961937
-5.172284458899202,4.406144402916598
-5.693933168511427,0.9142789424129634
-2.342336571010268,2.2714162384860366
-0.40455133390749454,2.316503782465123
-0.2655433537005296,0.7879626535505619
-5.30336773658557,2.0065438244190625
-2.125209801671253,1.427338189336163
-0.16286105196111056,1.644652831260551
-4.431356761787541,4.267380531634489
-3.249664712374657,3.9378330575080462
0.3917015508924593,2.4321265522222246
-6.180492097338056,3.9014713062604414
-4.2386182041539335,3.8082319116467778
-5.796890133137321,0.5994827048818903
-4.887523716868687,0.015433038980285918
-5.5971249383811275,2.8238964210470785
-0.005508889604225242,2.378425403506986
-5.347651253525299,0.03818726109708692
-4.137340863627232,1.226013727861344
-6.418543561981562,4.241444430170457
-1.8305913669542462,1.7284397126569204
-0.7627046999840535,1.4401442660561223
-3.5365342977193435,3.4708717219199414
-4.492637637079158,2.6013022738067466
-1.4535350222192558,2.364749658444035
-0.5735626884630189,2.5930421468171287
-4.414370474301587,3.2791953238942773
-1.0478819364018475,2.0558858074796267
-4.936534831250911,-0.07982935313530515
-4.977112303185815,3.355114424844115
-3.7485577175033287,3.3664295816942356
-5.114932164931299,0.612390280818836
-0.487669565581488,1.6065728364644585
-4.423437807530369,5.683441549686497
-4.76556006938354,1.1271000068717543
-1.2610989620163728,2.6270029115791296
-1.6513116663560232,2.1631766897167486
-1.2514173796131274,1.553156116956517
-2.451076190458269,2.1413734257383625
-4.6210510435737735,0.7269900999240659
-5.523638845227452,-0.6636141185957138
-5.918351735608845,1.3931587002959904
-3.9574324846974083,3.1948911717049158
-4.44924480723363,2.934250945558228
-5.676175710576643,5.10776911609955
-5.718577790588572,4.580227330597113
-4.877675463130072,5.095025081652093
-5.095549924495871,1.1083058552618905
-5.048538453536251,4.343638729058815
-0.10706684740233996,1.091446726204126
-4.897581316650901,4.2084144271823405
-4.675765295956056,1.5394622594448029
-4.559701384109258,5.066387037459126
-6.198726217699084,6.2964145956528785
-4.914889846647117,0.5586127480825434
-0.2550162747127418,2.260555315609321
-2.9836576432551216,4.38714122052639
-6.844991824593645,0.10895501634801485
-3.207948269578506,1.4724767465840634
-5.126215234211493,4.550797305219402
-6.584479210834994,4.041806331649446
-4.544731519094801,4.381069531994635
0.8625780805048366,1.7587204989199603
-5.031878116594114,1.4841479332747611
-5.707798267086502,4.430152614685758
-5.42890835569459,0.8667946421620673
-0.9357588417404105,3.65213452615503
-0.8789729320284121,1.00994208891617
-1.4799088240974245,0.8584465557742809
0.31017776406814757,2.0655627054543793
-5.041611360768082,-0.6631526781497445
-4.754469909314269,0.02823662668490423
-4.778818146737493,-0.12590262131883767
-4.330784229501661,4.632337024871793
0.6609986633533753,3.949553901133185
-6.003103427745092,-2.610770192608133
-4.8472925472551465,3.0363470368572316
-0.6986800724840531,3.054966551371133
-4.6178692074011485,1.7397623342305266
-3.8355075551381463,4.77941616087171
-0.9877811807689241,1.3286411583711384
-3.6930334494928854,3.0343928489231087
-5.156056806080461,3.8572781173085016
-6.520575583308018,0.21603415828744987
-6.618455473999788,1.4196253802060887
-0.9359487674621639,2.9321690039358868
-0.7630931899014736,1.0374845849276433
-0.9637583208487192,3.238440918988088
-4.388221302464895,3.2718434284761595
-0.5779124460835419,1.042860510160041
-6.303735909351561,3.6464103223780016
-5.17411395719992,4.246476770857633
-1.1489629257679965,1.7876468485613977
-4.195438639451251,0.5700787795557765
-6.298677744029617,2.266199002205956
-6.250986297716068,3.8702153411719338
-5.227954213270376,5.250582337373617
-5.478786200335672,0.7194281475850722
-5.077179898866355,2.0796375805107
-3.7074934276566025,0.5027210896687478
-5.319202552874508,-1.466302780143009
-1.173682303339047,1.5587378897015634
-0.2559932899518076,1.887141933983618
-0.7034718910722141,2.578871646145009
-0.8542399829896851,2.03517233520275
-5.347435958306454,0.3477598367661592
-2.0736476470877525,0.9894442742713223
-6.1258453822359415,0.5620290591377066
-3.6599491746918993,2.337592073825177
-5.327883967928443,1.4087168749673726
-5.952106431477878,1.6499104211266475
-0.5462835047330983,1.6646080014800608
-5.672926892617382,-0.020404318621033868
-4.635606685340967,3.6542529520200357
-1.1251433908042825,3.046082431241972
-3.9460194316784376,3.363815987235526
0.6706424092943224,1.7615306843317895
-4.2881754674825885,4.602462093182097
-5.132105661581983,3.6461167449492784
-0.6958112015907896,2.8045627049207758
-3.463871597550786,2.5372540960060923
-5.294545011607634,3.4448509541382273
-5.195302026550684,3.058346238709374
-4.248718542179427,5.278040462097941
-3.3938244396909223,1.3292759760701283
-5.136374165778237,-0.09422483152374839
-4.593709558748509,4.624884455095741
-6.732478715819256,-0.7281915100363328
-4.505423885486934,4.476463933332153
-5.292694533560404,0.5178702649098209
-4.860611947358174,2.8278983843334093
-3.484020441630344,5.23393165229588
-4.587686985381728,-1.8953863622505134
-1.2756784635393261,2.00684574771575
-5.356663485045512,4.828842853226706
0.11068297233838509,0.9514796307982498
-1.7957755184119293,1.6744127813454306
-4.614840258424169,1.7986029286249088
0.1180887218577733,2.820335701656931
-1.9665508428151974,2.0458432522942664
0.43224857332748856,2.612073257172749
-1.809977280007288,3.393700238939858
-4.933151326165189,1.8555145147217844
-5.657943683830434,2.172656142436286
-3.762047225065311,1.838030383933074
-0.612253577618546,2.6475113314340133
-6.202787762605688,1.4239290775623386
-3.9297133137710434,4.97869117841725
-5.255578143993281,1.4489901505164509
-4.9984316486072675,3.592450789070889
-0.40159482864701423,2.0533215186779388
-5.735537756668438,3.6385103327727335
-6.3174109440137896,4.077193138843254
-1.5074976655046408,0.2459475633755146
-5.07541768405134,-0.6050597918342697
-4.950256443037227,4.023572692853239
-3.9565165902195014,1.8448840071228747
-5.629100654698707,0.1275040023853229
-0.9221765836614638,-0.9747668886224368
-3.099469097177489,1.9244645395042157
-4.68521884363882,4.5035221324183565
-7.518288636432268,0.8083424294156791
-5.601409035226282,2.9307541370362085
-1.7266958497854972,0.485872547100481
-3.677843387706005,2.845322430067963
-4.720429282604704,3.5613089086077836
-3.953021122187679,3.992472711451699
-5.083353453416474,4.192760338995439
-4.157859190295427,1.674411490338363
-4.2626323305098115,4.082061616044046
-2.000758974014446,-0.35977658726040396
-4.919343481880795,1.5773336625028
-2.199480746057459,0.022908626812034538
-0.6577887902384536,2.6537491335577035
-5.751825302010854,4.603446616941467
-0.8936392689317935,1.2357974980749131
-1.411749266495236,2.5346928003961384
-1.977087536496765,2.734614579510533
-4.720527141553447,1.6208986076713243
-3.3118094739739226,0.8544958159045002
-0.1839561321635379,-0.8929977819882935
-7.807094509741032,1.0254147995230452
-5.8168397699912555,2.1734729085505498
-4.528161586519309,4.054217729880176
-5.9269620334466415,1.469341792117312
-5.460669703637274,2.467765899846624
-5.489765257556022,2.239675449600532
-3.6369892697359854,-0.38178696896910647
-6.029671447057604,1.4544540411583105
-0.919679882115084,2.3570627434075337
-4.053811596252536,0.7371121074275347
-6.428985039118022,2.2673818860087755
-2.485147407627613,3.2630730415486155
-2.216089127424736,3.0345853644987475
-2.0411829460037385,1.491879515890567
-5.402681050595526,3.1517021440002466
-5.798613082616733,4.730549007737867
-5.272872028096056,0.8093776269313583
-4.9378012387202315,0.10155725550288042
-4.232915756646691,1.451969489357251
-6.8983268645055595,0.7720077809729764
-4.326921452140853,5.660977523252972
-5.538027907140897,2.586142344379766
-0.1455914493661009,3.223321785806673
-5.043727538120928,4.493082430800125
-1.5169671004743845,2.0399868198719684
-4.266272346411713,4.0882941615859725
0.5901797475776744,2.348104589285141
-5.390026104787314,4.108616632708401
-5.283474341029124,3.931742036432028
-1.315409527306263,3.277366420591747
0.4964060515399329,1.375400959954845
-2.2261989722049345,2.3541273060818777
-4.124821974380361,3.604997966371023
-1.8941750925074556,0.5484728739479034
-4.10854324766409,2.7745613200077885
-0.9148697521097202,1.698897714068224
-5.952807445326135,2.8907580634590246
-0.3830378213151173,1.606087138746131
-4.52883483445383,4.42024623019624
-6.1137518571569665,1.6597491214075841
-4.62405746781409,3.6816082850077807
-4.758119793073608,4.760208319283896
-6.062236561653214,-1.276616005766276
0.21185183052063272,0.9613391656821373
-6.91786917350653,4.4198710755443065
-4.565300630225448,0.6681927150627562
-0.2460678966595038,3.5469492002106966
-4.635576459178987,1.0041170849877719
-1.7583925467807697,2.684606478976236
-6.681255441876737,0.9133053595751736
-1.1679471612884744,2.9059759114152355
-0.16958456932625976,2.676918298847422
0.6144236154316898,3.404123494854436
-4.899957674874813,1.629074240034658
0.9801331300420417,2.4409089730496083
-4.983926971216535,4.5904008861538905
-6.682102347640243,1.035196453371897
-5.513839944263457,3.4569824025506484
-4.594651205090279,4.4332850383120395
-5.2988185717118705,2.307301128464359
-6.587528668199685,0.8320332254248923
-4.726392962313039,3.317347098995865
-4.619236879637713,3.889178809901593
-4.263679751003308,0.8354927209076788
-0.8903046110400499,2.683178718487189
-0.978190373847374,3.6429342702020193
-3.914365443699418,3.341133020441762
-1.3122198995704255,3.0093005543624876
-1.4361286733943206,2.409870324000386
-2.249126544267222,1.8142874599209406
-5.776277649780396,4.326708752068762
0.3970054666224938,0.8701908328840704
-4.323649496406504,1.9889025152591961
-4.931042879769293,3.612064736262085
-4.669677332624466,3.9532618212084105
-2.894779709961721,1.6957464293051272
-6.470310529211242,4.452631928466376
-6.3824456860553305,3.6277892919059855
-3.6746172272970865,3.692985596838225
-3.9987344788344097,0.23119273195592394
-0.5954455387112505,1.4219641648782784
-1.2006654820904608,-0.25535839374618474
-6.511215932599699,4.585236423814148
0.689391984812207,1.698950575253333
-6.37251694292607,3.1485273587590994
-2.7469205959553835,-0.6840657350080916
-4.779616335502388,1.6054403567976856
-1.3048006131534067,1.1861028484160927
-1.3354276968000152,0.9789179868042546
-1.2760681882038905,1.290574529776749
-4.446792963719719,3.284839783875129
-5.798387026235581,-0.4512761559169063
-4.514000523580741,4.3249329810079855
-6.076756759973183,4.484061748462929
-2.7135366032158084,0.6289497543979721
-5.745304346871471,5.69755436697283
-3.392460959410851,2.403861030021556
-4.603395642095329,5.047121207098396
-5.468729094732233,2.675107872725645
-4.084690657895733,-0.35880998593759883
-5.815752388805276,0.6501768066888273
-1.066886519176726,1.0345577949134284
-4.5938103805279455,1.0509355944269339
-1.5631645615067433,4.273415087431692
0.5308919426638219,2.025906865733256
-1.866449962684065,2.2783643931507274
-4.438360201059233,0.3234987385285486
-4.67132889397301,0.3036440881660475
-5.792869776655098,-2.2824469758026935
-4.186636907290607,-0.7078024783026615
-7.897829655182891,0.7495753212329027
-5.3167918728465065,1.7153951195435728
-1.1276517024813604,2.722195685583057
-2.629416428732378,1.5390135861636463
-4.488000557184739,1.4787689741189889
-1.7797730556449556,1.8397747172422436
-5.237688208070189,3.738928265606971
-2.5233007745676046,2.0173587919615903
-4.1976674219447165,2.3819937497098813
-2.3355425933824403,2.087087052970091
-4.552452145950123,0.5041550815810336
-2.34093558423894,1.0216744641058821
-1.7034902633175686,1.7491955745167702
-1.3098448350404839,3.1633437641206785
-4.653851994396032,0.2614756693554414
-4.809670253322962,3.8351538952645763
-5.2548441039570575,3.3572684051554096
-3.2967657932072565,6.2717458121911935
-4.622553126390009,3.5051369423187233
-1.7925587779773733,0.3314328398029096
0.752069894503981,2.229755435266959
-4.305160644033117,3.720166466254432
-4.780725266022464,-0.6142863661184699
-5.35287248170217,-0.6214910651113399
-5.063631266133382,3.4581903923082447
-1.3310121241889845,0.5739003683201316
-5.321620076735982,1.1262338675119334
-1.2733265335710195,1.4086967409478044
-0.6680744781715628,1.6279786862532366
-5.437577995956896,4.938008848546275
-5.798185080180805,1.6418228554483418
-6.9061232805467565,2.446038611376799
-0.7465269101615758,0.8990739153551841
-3.3615409016122255,4.521281358935969
-2.087187600248533,0.9365103362762441
-4.567566241722496,4.361776269947454
-5.418164448074451,3.868152116728755
-4.131165921407689,4.428918879267997
-2.027556865307738,2.7267458634207733
-4.977429777845002,5.0493137352121815
-0.6763303211579061,2.150814468598873
-7.049529967034212,3.787204242868493
-1.1141749085107042,2.218856724451815
-0.8805359901325094,1.8941353705683113
-4.794730571841657,4.761272948777912
-6.558972991598604,3.6923166722555787
-5.128966827414478,0.8986524743287196
-5.109650302672168,4.185040009894344
-5.157639584098269,0.5894486529881751
-4.441575517986162,0.5740015671489684
-4.864982890908766,3.7947062107833376
-3.5740683509446685,3.6194258227882794
-6.057951392221612,-0.028400356550960515
-0.21951088571641997,0.8845863557850251
-5.325582268565325,1.4090675270787838
-4.3567317661624685,0.22926120347504364
-2.913804141608262,2.7982217820791737
-5.999392048592986,-1.3863229489758475
-6.443934771607198,1.0947494508762414
1.3640593568479065,2.6166676509747733
-4.550832960263871,0.6481498440639457
-1.3132779538914185,2.1794149063785784
-3.043718255759411,5.577872156811393
-0.9279661124583755,0.9218070383886205
-2.110018949015888,3.7419611963354047
-4.628813447533045,0.775730264467984
-1.7985084762468118,2.1090940462407897
-7.705450225239303,4.46743802292378
-6.080196230321396,6.93118535636405
-4.369227840180306,1.1299384674842368
-2.197553595482291,2.7195751701915025
-0.20917519783256,0.5583018352059361
-4.978296866261253,-0.18111918712377006
0.23382816987034816,1.85901114810585
-4.034495010272156,1.10922124234184
-6.406483116533368,2.9007777487614437
-4.918261282570059,0.33605422258534223
-6.297280854999968,1.0493011837203463
-7.133925878688479,1.0893378836330465
-5.476741084934667,2.9763062436944647
-5.601635974016562,-0.6249453001121095
-7.9095118747427735,2.9092312353892735
-3.6659420547566617,4.4604976880240095
-0.7989681822849142,1.705631010597684
-2.9617820868031615,4.990706138698939
-5.255595284313436,-0.2698291374013697
-1.9628179248831725,2.523862246672423
-0.39406496489946063,2.3977241694723057
-4.646109460423187,4.205518904781378
-0.8087149472253001,1.1304930434568197
-6.03531323164539,-0.19454185354026343
-6.43467619304934,0.8366449097174894
-5.195990033818858,0.7673714185124331
-5.146117400652723,5.600222790762102
-0.2580621506984849,2.097535555157028
-2.2930661127675167,2.8341500376304145
0.1774077329053012,1.6472806226880181
-1.6537956098119975,3.0661990641857497
-0.6209251182522922,2.574398772193096
-5.0515044009637515,3.353915154482644
-6.708934176319671,2.8035665649852657
-6.391123502619942,5.455755395350685
-5.561464822376577,5.499437642878004
-6.298588556581285,0.6795044397896652
-4.721448177641572,4.450036069975086
-5.905822499581936,1.1265730141173533
-5.889627442177307,0.5838870973223846
-1.9176443843988473,3.2261829037559404
-3.8629370190796584,0.5629326742898634
